filename,custom404,login,webapp,oldlooking,parked
gruyere\4041.webp,0.7671001,0.025071949,0.20361525,0.057267733,0.182872
gruyere\amazon1.JPG,0.0012323675,0.0051038815,0.99999857,7.0001925e-06,1.0072513e-07
gruyere\amazon2.JPG,0.023248568,0.63229656,0.99945337,0.0026458371,9.119706e-05
gruyere\clemson1.JPG,0.11465872,0.015124248,0.9995689,0.00017461725,0.00021172581
gruyere\clemson2.JPG,1.4307468e-05,0.9999597,0.012171065,0.0002428482,6.2880013e-06
gruyere\clemson3.JPG,0.5473001,0.021701032,0.10884909,0.10849579,0.25669146
gruyere\gruyere1.png,0.24335165,0.0202497,0.9997924,0.00019462414,0.000137851
gruyere\gruyere2.png,0.24030106,0.019987483,0.99977237,0.00030679363,0.00016117623
gruyere\gruyere3.png,0.19610709,0.0133770555,0.99992466,8.85483e-05,4.3253694e-05
gruyere\old1.JPG,0.13976455,0.0065373564,0.018576313,0.16202904,0.021209793
